form	lemma	POS	morph
༄༅། །		PUNCT
ལྟ་བ་	ལྟ་བ་	VERB
འཁོར་འདས་	འཁོར་འདས་	NOUN
དབྱེ་	དབྱེ་	VERB
ར་	ལ་	PART
མེད་	མེད་	VERB
བསྒོམ་	བསྒོམ་	VERB
ཚུལ་	ཚུལ་	NOUN
གནད་	གནད་	NOUN
ཉེ་	ཉེ་	NUM
གསུམ་	གསུམ་	NUM
ཞེ་	ཅེས་	PART
བྱ་བ་	བྱ་བ་	VERB
བཞུགས་	བཞུགས་	VERB
སོ་	སོ་	PART
།།		PUNCT
བླ་མ་	བླ་མ་	NOUN
དང་	དང་	NO_POS
ལྷག་པ་	ལྷག་པ་	VERB
འི་	གི་	PART
ལྷ་	ལྷ་	NOUN
ལ་	ལ་	ADP
གུས་པ་	གུས་པ་	VERB
ས་	གིས་	PART
ཕྱག་	ཕྱག་	NOUN
འཚལ་	འཚལ་	VERB
ཞིང་	ཞིང་	SCONJ
སྐྱབས་	སྐྱབས་	NOUN
སུ་	སུ་	ADP
མཆིའོ་		NON_WORD
། །		PUNCT
བྱིན་	བྱིན་	VERB
གྱིས་	གིས་	PART
རློབས་	རློབས་	VERB
ཤིང་	ཅིང་	PART
སྐབས་	སྐབས་	NOUN
དབྱེ་བ་	དབྱེ་བ་	VERB
ར་	ལ་	PART
མཛད་	མཛད་	VERB
དུ་	ལ་	PART
གསོལ་	གསོལ་	VERB
།		PUNCT
འདི་	འདི་	DET
ར་	ལ་	PART
ལྟ་བ་	ལྟ་བ་	VERB
འཁོར་འདས་	འཁོར་འདས་	NOUN
དབྱེ་	དབྱེ་	VERB
ར་	ལ་	PART
མེད་	མེད་	VERB
ཀྱི་	གི་	PART
སྒོམ་	སྒོམ་	VERB
ཚུལ་	ཚུལ་	NOUN
གྱི་	གི་	PART
གནད་	གནད་	NOUN
ཅུང་ཟད་	ཅུང་ཟད་	ADV
བཤད་	བཤད་	VERB
ན་	ན་	ADP
།		PUNCT
སྤྱི་		
འཁོར་འདས་	འཁོར་འདས་	NOUN
དབྱེ་	དབྱེ་	VERB
ར་	ལ་	PART
མེད་	མེད་	VERB
ཀྱི་	གི་	PART
ལྟ་བ་	ལྟ་བ་	VERB
གསལ་སྟོང་	གསལ་སྟོང་	NO_POS
ཟུང་འཇུག་	ཟུང་འཇུག་	NOUN
ཅེས་པ་	ཅེས་པ་	PART
འདི་	འདི་	DET
ལ་	ལ་	ADP
གོ་བ་	གོ་བ་	VERB
མྱོང་	མྱོང་	VERB
ལུགས་	ལུགས་	NOUN
མི་	མི་	PART
འདྲ་བ་	འདྲ་བ་	VERB
དུ་མ་	དུ་མ་	ADJ
ཞིག་	ཅིག་	PART
ཡོད་	ཡོད་	VERB
དེ་	དེ་	DET
།		PUNCT
ཡུམ་	ཡུམ་	NOUN
ལ་	ལ་	ADP
ས་	གིས་	PART
།		PUNCT
གཟུགས་	གཟུགས་	NOUN
སྟོང་པ་	སྟོང་པ་	VERB
འོ་	གོ་	PART
། །		PUNCT
སྟོང་པ་ཉིད་	སྟོང་པ་ཉིད་	NOUN
ཀྱང་	ཀྱང་	PART
གཟུགས་	གཟུགས་	NOUN
སོ་	སོ་	PART
། །		PUNCT
ཞེ་	ཅེས་	PART
སོགས་	སོགས་	DET
སྟོང་ཉིད་	སྟོང་ཉིད་	NOUN
བཞི་	བཞི་	NUM
སྦྱོར་	སྦྱོར་	VERB
གསུངས་པ་	གསུངས་པ་	VERB
ལྟ་	ལྟ་	OTHER
།		PUNCT
སྣང་བ་	སྣང་བ་	VERB
སེམས་	སེམས་	NOUN
སྒྲུབ་	སྒྲུབ་	VERB
མ་	མ་	PART
བྱས་པ་	བྱས་པ་	VERB
འི་	གི་	PART
གསལ་སྟོང་	གསལ་སྟོང་	NO_POS
ཟུང་འཇུག་	ཟུང་འཇུག་	NOUN
ཞིག་	ཅིག་	PART
དང་	དང་	NO_POS
།		PUNCT
རྨི་ལམ་	རྨི་ལམ་	NOUN
གྱི་	གི་	PART
དཔེ་	དཔེ་	NOUN
སོགས་	སོགས་	DET
ཀྱི་	གི་	PART
སྒོ་	སྒོ་	NOUN
ན་	ནས་	PART
སྣང་བ་	སྣང་བ་	VERB
སེམས་	སེམས་	NOUN
སྒྲུབ་	སྒྲུབ་	VERB
བྱ་	བྱ་	VERB
ཏེ་	སྟེ་	PART
སེམས་	སེམས་	NOUN
ཀྱི་	གི་	PART
རང་བཞིན་	རང་བཞིན་	NOUN
གང་	གང་	NO_POS
དུའང་		NON_WORD
མ་གྲུབ་པ་	མ་གྲུབ་པ་	NO_POS
ར་	ལ་	PART
ཤེས་པ་	ཤེས་པ་	VERB
འི་	གི་	PART
གསལ་སྟོང་	གསལ་སྟོང་	NO_POS
ཟུང་འཇུག་	ཟུང་འཇུག་	NOUN
གཉིས་	གཉིས་	NUM
ལ་	ལ་	ADP
ས་	གིས་	PART
།		PUNCT
དེ་	དེ་	DET
གཉིས་ཀ་	གཉིས་ཀ་	OTHER
ལ་	ལ་	ADP
འང་	ཀྱང་	PART
སྟོང་	སྟོང་	NUM
ཚུལ་	ཚུལ་	NOUN
ཆོ་	ཆོ་	NOUN
དང་	དང་	NO_POS
གང་ཟག་	གང་ཟག་	NOUN
གི་	གི་	PART
བདག་	བདག་	PRON
གཉིས་	གཉིས་	NUM
ཀྱིས་	གིས་	PART
གདོད་མ་	གདོད་མ་	OTHER
ན་	ནས་	PART
སྟོང་པ་	སྟོང་པ་	VERB
ར་	ལ་	PART
ཤེས་པ་	ཤེས་པ་	VERB
ཞིག་	ཅིག་	PART
དགོས་	དགོས་	VERB
ཀྱི་	གི་	PART
།		PUNCT
སྟོང་	སྟོང་	NUM
ཚུལ་	ཚུལ་	NOUN
ཇི་བཞིན་	ཇི་བཞིན་	OTHER
མ་	མ་	PART
ཤེ་	ཤེ་	VERB
ན་	ན་	ADP
ངན་འགྲོ་	ངན་འགྲོ་	NOUN
ར་	ལ་	PART
འགྲོ་བ་	འགྲོ་བ་	VERB
དང་	དང་	NO_POS
གཟུགས་	གཟུགས་	NOUN
མེད་	མེད་	VERB
སྐྱེ་མཆེད་	སྐྱེ་མཆེད་	NOUN
མུ་བཞི་	མུ་བཞི་	NO_POS
སོགས་	སོགས་	DET
སུ་	སུ་	ADP
གོལ་བ་	གོལ་བ་	VERB
འབྱུང་	འབྱུང་	VERB
།		PUNCT
བརྒྱུད་པ་	བརྒྱུད་པ་	VERB
འདི་	འདི་	DET
འི་	གི་	PART
བཀའ་	བཀའ་	NOUN
སྲོལ་	སྲོལ་	NOUN
ལ་	ལ་	ADP
ས་	གིས་	PART
བྱུང་བ་	བྱུང་བ་	VERB
བཞིན་	བཞིན་	NOUN
དུ་	ལ་	PART
འཁོར་འདས་	འཁོར་འདས་	NOUN
གཉིས་	གཉིས་	NUM
ཀྱིས་	གིས་	PART
བསྡུས་པ་	བསྡུས་པ་	VERB
འི་	གི་	PART
ཆོ་	ཆོ་	NOUN
ཐམས་ཅད་	ཐམས་ཅད་	DET
རང་	རང་	PRON
གི་	གི་	PART
ལུས་	ལུས་	NOUN
ལ་རྩ་	ལ་རྩ་	NO_POS
ཁམས་	ཁམས་	NOUN
ཀྱི་	གི་	PART
ཚུལ་	ཚུལ་	NOUN
དུ་	ལ་	PART
ཚང་	ཚང་	VERB
ཞིང་	ཞིང་	SCONJ
།		PUNCT
དེ་	དེ་	DET
ཐམས་ཅད་	ཐམས་ཅད་	DET
གསང་བ་	གསང་བ་	VERB
སེམས་	སེམས་	NOUN
ཀྱི་	གི་	PART
སྟེང་	སྟེང་	NOUN
ན་	ན་	ADP
བག་ཆགས་	བག་ཆགས་	NOUN
ཀྱི་	གི་	PART
ཚུལ་	ཚུལ་	NOUN
དུ་ཡོད་པ་	དུ་ཡོད་པ་	NO_POS
འི་	གི་	PART
གོ་བ་	གོ་བ་	VERB
དཔྱི་	དཔྱི་	NO_POS
ཕྱིན་པ་	ཕྱིན་པ་	VERB
ཞིག་	ཅིག་	PART
བླ་མ་	བླ་མ་	NOUN
འི་	གི་	PART
མན་ངག་	མན་ངག་	NOUN
གི་	གི་	PART
དྲིན་	དྲིན་	NOUN
གྱིས་	གིས་	PART
རང་	རང་	PRON
ལ་	ལ་	ADP
ཉམས་མྱོང་	ཉམས་མྱོང་	NOUN
གི་	གི་	PART
ཚུལ་	ཚུལ་	NOUN
གྱིས་	གིས་	PART
སྐྱེ་	སྐྱེ་	VERB
ཏེ་	སྟེ་	PART
རང་སེམས་	རང་སེམས་	NOUN
གསལ་སྟོང་	གསལ་སྟོང་	NO_POS
ཟུང་འཇུག་	ཟུང་འཇུག་	NOUN
ཏུ་	ལ་	PART
ངོ་འཕྲོད་པ་	ངོ་འཕྲོད་པ་	NO_POS
གསུམ་	གསུམ་	NUM
ལ་	ལ་	ADP
ས་	གིས་	PART
།		PUNCT
ཕྱི་མ་	ཕྱི་མ་	ADJ
འདི་	འདི་	DET
དཔལ་	དཔལ་	OTHER
ས་སྐྱ་པ་	ས་སྐྱ་པ་	PROPN
འི་	གི་	PART
ལྟ་བ་	ལྟ་བ་	VERB
འཁོར་འདས་	འཁོར་འདས་	NOUN
དབྱེ་	དབྱེ་	VERB
ར་	ལ་	PART
མེད་	མེད་	VERB
ཟེར་བ་	ཟེར་བ་	VERB
དེ་	དེ་	DET
ཡིན་	ཡིན་	NO_POS
།		PUNCT
འདི་	འདི་	DET
ལ་	ལ་	ADP
འང་	ཀྱང་	PART
གཞི་	གཞི་	NOUN
ལམ་	གམ་	PART
འབྲས་	འབྲས་	NOUN
གསུམ་	གསུམ་	NUM
དབྱེ་	དབྱེ་	VERB
ར་	ལ་	PART
མེད་	མེད་	VERB
དུ་	ལ་	PART
ཤེས་པ་	ཤེས་པ་	VERB
འི་	གི་	PART
གནད་	གནད་	NOUN
དེ་	དེ་	DET
མེད་	མེད་	VERB
ན་	ན་	ADP
འཁོར་འདས་	འཁོར་འདས་	NOUN
དབྱེ་	དབྱེ་	VERB
ར་	ལ་	PART
མེད་	མེད་	VERB
མཚན་ཉིད་པ་	མཚན་ཉིད་པ་	NOUN
ར་	ལ་	PART
མི་	མི་	PART
འགྲོ་	འགྲོ་	VERB
།		PUNCT
དེ་ལྟ་	དེ་ལྟ་	NO_POS
བུ་	བུ་	NOUN
འི་	གི་	PART
གནད་	གནད་	NOUN
དང་	དང་	NO_POS
ལྡན་པ་	ལྡན་པ་	VERB
འི་	གི་	PART
ལྟ་བ་	ལྟ་བ་	VERB
འཁོར་འདས་	འཁོར་འདས་	NOUN
དབྱེ་	དབྱེ་	VERB
ར་	ལ་	PART
མེད་	མེད་	VERB
ལ་	ལ་	ADP
གོ་	གོ་	VERB
མྱོང་	མྱོང་	VERB
ལེགས་པོ་	ལེགས་པོ་	ADJ
ཞིག་	ཅིག་	PART
ཤ་	ཤ་	VERB
ན་	ནས་	PART
བཟུང་	བཟུང་	NO_POS
།		PUNCT
སྐྱོན་	སྐྱོན་	NOUN
དང་བ་	དང་བ་	NOUN
ར་	ལ་	PART
ཆད་	ཆད་	VERB
ཐམས་ཅད་	ཐམས་ཅད་	DET
རང་གྲོལ་	རང་གྲོལ་	NOUN
དུ་	ལ་	PART
འགྲོ་	འགྲོ་	VERB
ཞིང་	ཞིང་	SCONJ
ཡོན་ཏན་	ཡོན་ཏན་	NOUN
དང་	དང་	NO_POS
དངོས་གྲུབ་	དངོས་གྲུབ་	NOUN
ཐམས་ཅད་	ཐམས་ཅད་	DET
འབད་	འབད་	VERB
མེད་	མེད་	VERB
དུ་	ལ་	PART
འབྱུང་བ་	འབྱུང་བ་	VERB
འི་	གི་	PART
གནད་	གནད་	NOUN
ཞིག་	ཅིག་	PART
ཡོད་	ཡོད་	VERB
དེ་	དེ་	DET
།		PUNCT
དེ་	དེ་	DET
འང་	ཀྱང་	PART
ཕྱོགས་	ཕྱོགས་	NOUN
ཙམ་	ཙམ་	DET
བརྗོད་	བརྗོད་	VERB
ན་	ན་	ADP
།		PUNCT
བདེན་	བདེན་	VERB
གཉིས་	གཉིས་	NUM
ཟུང་འཇུག་	ཟུང་འཇུག་	NOUN
ཏུ་	ལ་	PART
ཤེས་པ་	ཤེས་པ་	VERB
འི་	གི་	PART
སྟོབས་	སྟོབས་	NOUN
ཀྱིས་	གིས་	PART
བསོད་ནམས་	བསོད་ནམས་	NOUN
དང་	དང་	NO_POS
ཡེ་ཤེས་	ཡེ་ཤེས་	NOUN
ཀྱི་	གི་	PART
ཚོགས་	ཚོགས་	NOUN
གཉིས་	གཉིས་	NUM
ལྷན་ཅིག་	ལྷན་ཅིག་	OTHER
ཏུ་	ལ་	PART
རྫོགས་པ་	རྫོགས་པ་	VERB
འི་	གི་	PART
གནད་	གནད་	NOUN
དང་	དང་	NO_POS
།		PUNCT
		
གཞི་	གཞི་	NOUN
འབྲས་	འབྲས་	NOUN
དབྱེ་	དབྱེ་	VERB
ར་	ལ་	PART
མེད་	མེད་	VERB
དུ་	ལ་	PART
རྟོགས་པ་	རྟོགས་པ་	VERB
ས་	གིས་	PART
ཐ་མལ་	ཐ་མལ་	ADJ
སྣང་ཞེན་	སྣང་ཞེན་	NOUN
གྱིས་	གིས་	PART
མི་	མི་	PART
གོ་	གོ་	NOUN
ཤིང་	ཅིང་	PART
སྣང་བ་	སྣང་བ་	VERB
དཀྱིལ་འཁོར་	དཀྱིལ་འཁོར་	NOUN
གྱི་	གི་	PART
འཁོར་ལོ་	འཁོར་ལོ་	NOUN
ར་	ལ་	PART
འཆར་བ་	འཆར་བ་	VERB
འི་	གི་	PART
གནད་	གནད་	NOUN
དང་	དང་	NO_POS
།		PUNCT
		
སྐུ་བཞི་	སྐུ་བཞི་	OTHER
རང་	རང་	PRON
ལ་	ལ་	ADP
ལྷུན་གྲུབ་	ལྷུན་གྲུབ་	OTHER
ཏུ་	ལ་	PART
ཡོད་པ་	ཡོད་པ་	VERB
ར་	ལ་	PART
ཤེ་	ཤེ་	VERB
ན་	ནས་	PART
རྩ་ཐིག་	རྩ་ཐིག་	NOUN
རླུང་	རླུང་	NOUN
གསུམ་	གསུམ་	NUM
ལ་	ལ་	ADP
གནད་	གནད་	NOUN
དུ་	ལ་	PART
བསྣུན་པ་	བསྣུན་པ་	VERB
ས་	གིས་	PART
གྱ་ནོམ་	གྱ་ནོམ་	ADJ
ལྷ་	ལྷ་	NOUN
ར་	ལ་	PART
ཞེན་	ཞེན་	VERB
ལ་	ལ་	ADP
ས་	གིས་	PART
གྲོལ་	གྲོལ་	VERB
ཞིང་	ཞིང་	SCONJ
རྫོགས་རིམ་	རྫོགས་རིམ་	NOUN
གྱི་	གི་	PART
ཡེ་ཤེས་	ཡེ་ཤེས་	NOUN
འདྲེན་	འདྲེན་	NO_POS
ནུས་པ་	ནུས་པ་	VERB
ས་	གིས་	PART
བསྐྱེད་རྫོགས་	བསྐྱེད་རྫོགས་	NOUN
ཟུང་འཇུག་	ཟུང་འཇུག་	NOUN
ཏུ་	ལ་	PART
འགྱུར་བ་	འགྱུར་བ་	VERB
འི་	གི་	PART
གནད་	གནད་	NOUN
དང་	དང་	NO_POS
།		PUNCT
		
ཉོན་མོངས་པ་	ཉོན་མོངས་པ་	NOUN
གདོད་	གདོད་	NO_POS
ན་	ནས་	PART
རང་གྲོལ་	རང་གྲོལ་	NOUN
དུ་	ལ་	PART
ཤེས་པ་	ཤེས་པ་	VERB
ས་	གིས་	PART
དུག་	དུག་	NOUN
ལྔ་	ལྔ་	NUM
འི་	གི་	PART
གོལ་ས་	གོལ་ས་	VERB
མི་	མི་	PART
འབྱུང་	འབྱུང་	VERB
ཞིང་	ཞིང་	SCONJ
ཚོགས་	ཚོགས་	NOUN
དྲོད་	དྲོད་	NOUN
འབྱོར་པ་	འབྱོར་པ་	NOUN
འི་	གི་	PART
གང་ཟག་	གང་ཟག་	NOUN
ལ་	ལ་	ADP
འང་	ཀྱང་	PART
ཉོན་མོངས་	ཉོན་མོངས་	NOUN
དང་	དང་	NO_POS
རྣམ་རྟོག་	རྣམ་རྟོག་	NOUN
གང་	གང་	NO_POS
ཤ་	ཤ་	VERB
ཐམས་ཅད་	ཐམས་ཅད་	DET
མཚོན་བྱེད་	མཚོན་བྱེད་	OTHER
དཔེ་	དཔེ་	NOUN
འི་	གི་	PART
ཡེ་ཤེས་	ཡེ་ཤེས་	NOUN
སུ་	སུ་	ADP
འཆར་བ་	འཆར་བ་	VERB
འི་	གི་	PART
གནད་	གནད་	NOUN
དང་	དང་	NO_POS
།		PUNCT
		
ལམ་	གམ་	PART
འབྲས་	འབྲས་	NOUN
ལུགས་	ལུགས་	NOUN
ཚོགས་སྦྱོར་	ཚོགས་སྦྱོར་	NOUN
ལྷན་ཅིག་	ལྷན་ཅིག་	OTHER
བགྲོད་	བགྲོད་	VERB
གསུངས་	གསུངས་	VERB
།		PUNCT
སྣང་སྲིད་	སྣང་སྲིད་	NOUN
གདོད་	གདོད་	NO_POS
ན་	ནས་	PART
ལྷ་	ལྷ་	NOUN
དང་	དང་	NO_POS
ཡེ་ཤེས་	ཡེ་ཤེས་	NOUN
སུ་	སུ་	ADP
ངོ་འཕྲོད་པ་	ངོ་འཕྲོད་པ་	NO_POS
ས་	གིས་	PART
དམ་ཡེ་	དམ་ཡེ་	NO_POS
དབྱེ་	དབྱེ་	VERB
ར་	ལ་	PART
མེད་	མེད་	VERB
དུ་	ལ་	PART
རྟོགས་	རྟོགས་	VERB
ན་	ནས་	PART
རང་སེམས་	རང་སེམས་	NOUN
རིགས་བརྒྱ་	རིགས་བརྒྱ་	OTHER
འི་	གི་	PART
ཁྱབ་བདག་	ཁྱབ་བདག་	OTHER
ཏུ་	ལ་	PART
ཤེས་པ་	ཤེས་པ་	VERB
འི་	གི་	PART
གནད་	གནད་	NOUN
དང་	དང་	NO_POS
།		PUNCT
		
འཁོར་འདས་	འཁོར་འདས་	NOUN
དབྱེ་	དབྱེ་	VERB
ར་	ལ་	PART
མེད་	མེད་	VERB
ཀྱི་	གི་	PART
ཀློང་	ཀློང་	NOUN
ན་	ན་	ADP
བཟང་ངན་	བཟང་ངན་	ADJ
སྤང་བླང་	སྤང་བླང་	NOUN
མེད་པ་	མེད་པ་	VERB
ར་	ལ་	PART
ཤེ་	ཤེ་	VERB
ན་	ནས་	PART
གཙང་	གཙང་	PROPN
སྨེ་	སྨེ་	NO_POS
གཉིས་	གཉིས་	NUM
སུ་	སུ་	ADP
འཛིན་པ་	འཛིན་པ་	VERB
འི་	གི་	PART
རྟོག་པ་	རྟོག་པ་	VERB
ལ་	ལ་	ADP
ས་	གིས་	PART
གྲོལ་	གྲོལ་	VERB
ཏེ་	སྟེ་	PART
།		PUNCT
ཡེ་ཤེས་	ཡེ་ཤེས་	NOUN
བདུད་རྩི་	བདུད་རྩི་	NOUN
འི་	གི་	PART
ཚོགས་འཁོར་	ཚོགས་འཁོར་	NOUN
ལ་	ལ་	ADP
རོལ་	རོལ་	VERB
ནུས་པ་	ནུས་པ་	VERB
འི་	གི་	PART
གནད་	གནད་	NOUN
དང་	དང་	NO_POS
།		PUNCT
		
གཞི་	གཞི་	NOUN
ལམ་	གམ་	PART
འབྲས་	འབྲས་	NOUN
གསུམ་	གསུམ་	NUM
རང་སེམས་	རང་སེམས་	NOUN
སྐད་ཅིག་མ་	སྐད་ཅིག་མ་	ADJ
འི་	གི་	PART
སྟེང་	སྟེང་	NOUN
དུ་	ལ་	PART
དབྱེ་	དབྱེ་	VERB
ར་	ལ་	PART
མེད་	མེད་	VERB
དུ་	ལ་	PART
ངོ་འཕྲོད་པ་	ངོ་འཕྲོད་པ་	NO_POS
ས་	གིས་	PART
དུས་གསུམ་	དུས་གསུམ་	OTHER
དུས་	དུས་	NOUN
མེད་	མེད་	VERB
དུ་	ལ་	PART
རྟོགས་	རྟོགས་	VERB
ན་	ནས་	PART
གྲངས་མེད་	གྲངས་མེད་	NOUN
གསུམ་	གསུམ་	NUM
གྱི་	གི་	PART
དཀའ་	དཀའ་	VERB
སྤྱོད་	སྤྱོད་	VERB
མི་	མི་	PART
དགོས་པ་	དགོས་པ་	VERB
ར་	ལ་	PART
ཚེ་	ཚེ་	NOUN
ལུས་	ལུས་	NOUN
གཅིག་	གཅིག་	NUM
གིས་	གིས་	PART
འཚང་རྒྱ་བ་	འཚང་རྒྱ་བ་	NOUN
འི་	གི་	PART
གནད་	གནད་	NOUN
དང་	དང་	NO_POS
།		PUNCT
		
སྣང་སྲིད་	སྣང་སྲིད་	NOUN
དག་པ་	དག་པ་	VERB
རབ་འབྱམས་	རབ་འབྱམས་	ADJ
སུ་	སུ་	ADP
ཤེས་པ་	ཤེས་པ་	VERB
ས་	གིས་	PART
བདུད་	བདུད་	NOUN
དང་	དང་	NO_POS
གོལ་ས་	གོལ་ས་	VERB
རང་གྲོལ་	རང་གྲོལ་	NOUN
དུ་	ལ་	PART
གྱུར་	གྱུར་	VERB
ཏེ་	སྟེ་	PART
འཇིག་རྟེན་	འཇིག་རྟེན་	NOUN
རང་རྒྱུད་པ་	རང་རྒྱུད་པ་	NOUN
ལ་	ལ་	ADP
ས་	གིས་	PART
མཆོག་	མཆོག་	ADJ
གི་	གི་	PART
དངོས་གྲུབ་	དངོས་གྲུབ་	NOUN
ལེན་	ལེན་	VERB
ནུས་པ་	ནུས་པ་	VERB
འི་	གི་	PART
གནད་	གནད་	NOUN
དང་	དང་	NO_POS
།		PUNCT
		
རྟེན་	རྟེན་	NOUN
དཀྱིལ་འཁོར་	དཀྱིལ་འཁོར་	NOUN
བཞི་	བཞི་	NUM
ལ་	ལ་	ADP
གནད་	གནད་	NOUN
དུ་	ལ་	PART
བསྣུན་པ་	བསྣུན་པ་	VERB
ས་	གིས་	PART
སྣང་བ་	སྣང་བ་	VERB
སེམས་	སེམས་	NOUN
སྒྲུབ་	སྒྲུབ་	VERB
ཐུན་མོང་	ཐུན་མོང་	ADJ
མ་ཡིན་པ་	མ་ཡིན་པ་	OTHER
འི་	གི་	PART
སྟོབས་	སྟོབས་	NOUN
ཀྱིས་	གིས་	PART
ལུས་	ལུས་	NOUN
ཟག་མེད་	ཟག་མེད་	ADJ
འཇའ་ལུས་	འཇའ་ལུས་	OTHER
དང་སེམས་	དང་སེམས་	NO_POS
རྟོག་	རྟོག་	VERB
མེད་	མེད་	VERB
ཆོས་སྐུ་	ཆོས་སྐུ་	NOUN
ར་	ལ་	PART
ངོ་འཕྲོད་	ངོ་འཕྲོད་	NO_POS
དེ་	དེ་	DET
ལུས་སེམས་	ལུས་སེམས་	NOUN
དུས་	དུས་	NOUN
གཅིག་	གཅིག་	NUM
ལ་	ལ་	ADP
གྲོལ་བ་	གྲོལ་བ་	VERB
འི་	གི་	PART
གནད་	གནད་	NOUN
དང་	དང་	NO_POS
།		PUNCT
		
རང་བཞིན་	རང་བཞིན་	NOUN
རྣམ་དག་	རྣམ་དག་	ADJ
ལ་	ལ་	ADP
གློ་བུ་	གློ་བུ་	OTHER
དྲི་བྲལ་	དྲི་བྲལ་	NO_POS
གྱིས་	གིས་	PART
རྒྱ་	རྒྱ་	VERB
ལེགས་པ་	ལེགས་པ་	VERB
ར་	ལ་	PART
ཐེབས་པ་	ཐེབས་པ་	VERB
ས་	གིས་	PART
གཙང་	གཙང་	PROPN
བདེ་	བདེ་	VERB
རྟག་	རྟག་	VERB
བདག་	བདག་	PRON
དང་	དང་	NO_POS
རང་དོན་	རང་དོན་	NOUN
ཡིད་བྱེད་	ཡིད་བྱེད་	NO_POS
ཐ་མལ་	ཐ་མལ་	ADJ
སྣང་ཞེན་	སྣང་ཞེན་	NOUN
གྱ་ནོམ་	གྱ་ནོམ་	ADJ
ལྷ་	ལྷ་	NOUN
ར་	ལ་	PART
ཞེན་	ཞེན་	VERB
སོགས་	སོགས་	DET
ཀུན་	ཀུན་	DET
ཏུ་	ལ་	PART
བརྟགས་པ་	བརྟགས་པ་	VERB
འི་	གི་	PART
དུག་	དུག་	NOUN
ཀུན་	ཀུན་	DET
ཏུ་	ལ་	PART
རྟོག་པ་	རྟོག་པ་	VERB
འི་	གི་	PART
དུག་	དུག་	NOUN
གྱ་ནོམ་	གྱ་ནོམ་	ADJ
ལྷ་	ལྷ་	NOUN
ར་	ལ་	PART
ཞེན་	ཞེན་	VERB
གྱི་	གི་	PART
དུག་	དུག་	NOUN
གསུམ་པོ་	གསུམ་པོ་	NUM
དུས་	དུས་	NOUN
གཅིག་	གཅིག་	NUM
ལ་	ལ་	ADP
ཆོད་པ་	ཆོད་པ་	VERB
འི་	གི་	PART
གནད་	གནད་	NOUN
དང་	དང་	NO_POS
།		PUNCT
		
མི་མཐུན་པ་	མི་མཐུན་པ་	NO_POS
མེད་	མེད་	VERB
ཅིང་	ཅིང་	PART
འདུས་པ་	འདུས་པ་	VERB
དང་	དང་	NO_POS
ལྡན་པ་	ལྡན་པ་	VERB
ཞེ་	ཅེས་	PART
གསུངས་པ་	གསུངས་པ་	VERB
ལྟ་	ལྟ་	OTHER
ཐེག་པ་	ཐེག་པ་	NOUN
གསུམ་	གསུམ་	NUM
གྱི་	གི་	PART
རྟོགས་	རྟོགས་	VERB
རིགས་	རིགས་	NOUN
ཡ་	ཡ་	OTHER
ལྡན་	ལྡན་	VERB
དུ་	ལ་	PART
ཚང་བ་	ཚང་བ་	VERB
འི་	གི་	PART
གནད་	གནད་	NOUN
ཤེ་	ཤེ་	VERB
ན་	ན་	ADP
ཉམས་ལེན་	ཉམས་ལེན་	NOUN
ལམ་	གམ་	PART
དུས་	དུས་	NOUN
སོགས་	སོགས་	DET
ཀྱི་	གི་	PART
སྦྱོར་	སྦྱོར་	VERB
དངོ་	དངོ་	NOUN
རྗེས་	རྗེས་	NOUN
གསུམ་	གསུམ་	NUM
གཞི་	གཞི་	NOUN
ལམ་	གམ་	PART
འབྲས་བུ་	འབྲས་བུ་	NOUN
འི་	གི་	PART
ཡོན་ཏན་	ཡོན་ཏན་	NOUN
རྣམས་	རྣམས་	DET
རིག་པ་	རིག་པ་	VERB
སྐད་ཅིག་མ་	སྐད་ཅིག་མ་	ADJ
འི་	གི་	PART
སྟེང་	སྟེང་	NOUN
དུ་	ལ་	PART
བསྡུ་	བསྡུ་	VERB
ནུས་པ་	ནུས་པ་	VERB
འི་	གི་	PART
གནད་	གནད་	NOUN
དང་	དང་	NO_POS
།		PUNCT
		
བདག་	བདག་	PRON
འཛིན་	འཛིན་	VERB
གཉིས་	གཉིས་	NUM
དུས་	དུས་	NOUN
གཅིག་	གཅིག་	NUM
ལ་	ལ་	ADP
ཆོད་པ་	ཆོད་པ་	VERB
འི་	གི་	PART
ལྷ་	ལྷ་	NOUN
འི་	གི་	PART
ང་རྒྱལ་	ང་རྒྱལ་	NOUN
བསྒོམ་པ་	བསྒོམ་པ་	VERB
གང་ཟག་	གང་ཟག་	NOUN
གི་	གི་	PART
བདག་	བདག་	PRON
འཛིན་	འཛིན་	VERB
དང་	དང་	NO_POS
།		PUNCT
དཀྱིལ་འཁོར་	དཀྱིལ་འཁོར་	NOUN
གྱི་	གི་	PART
རྣམ་དག་	རྣམ་དག་	ADJ
དྲན་པ་	དྲན་པ་	VERB
ཆོ་	ཆོ་	NOUN
ཀྱི་	གི་	PART
བདག་	བདག་	PRON
འཛིན་	འཛིན་	VERB
གྱི་	གི་	PART
གཉེན་པོ་	གཉེན་པོ་	NOUN
ར་	ལ་	PART
འགྲོ་བ་	འགྲོ་བ་	VERB
འི་	གི་	PART
གནད་	གནད་	NOUN
དང་	དང་	NO_POS
།		PUNCT
		
འཁོར་འདས་	འཁོར་འདས་	NOUN
ཕྱི་རུ་	ཕྱི་རུ་	NO_POS
མ་ལུས་པ་	མ་ལུས་པ་	OTHER
ར་	ལ་	PART
སྤྲོས་པ་	སྤྲོས་པ་	VERB
ནང་	ནང་	NOUN
ན་	ནས་	PART
ཆོད་པ་	ཆོད་པ་	VERB
ས་	གིས་	PART
རེ་དོགས་	རེ་དོགས་	NOUN
གཉིས་	གཉིས་	NUM
འཛིན་	འཛིན་	VERB
གྱི་	གི་	PART
རྟོག་པ་	རྟོག་པ་	VERB
ཡལ་	ཡལ་	NO_POS
ཏེ་	སྟེ་	PART
།		PUNCT
སྐྱོན་ཡོན་	སྐྱོན་ཡོན་	NO_POS
ཏན་	ཏན་	NO_POS
དུ་	ལ་	PART
སློང་	སློང་	VERB
།		PUNCT
བར་ཆད་	བར་ཆད་	NOUN
དངོས་གྲུབ་	དངོས་གྲུབ་	NOUN
ཏུ་	ལ་	PART
ལེན་	ལེན་	VERB
།		PUNCT
སྣང་བ་	སྣང་བ་	VERB
དགེ་བ་	དགེ་བ་	VERB
འི་	གི་	PART
བཤེས་གཉེན་	བཤེས་གཉེན་	NOUN
དུ་	ལ་	PART
འཆར་བ་	འཆར་བ་	VERB
འི་	གི་	PART
གནད་	གནད་	NOUN
དང་	དང་	NO_POS
།		PUNCT
		
མཉམ་རྗེས་	མཉམ་རྗེས་	NOUN
གང་	གང་	NO_POS
གི་	གི་	PART
དུས་	དུས་	NOUN
སུ་	སུ་	ADP
འང་	ཀྱང་	PART
ཚོགས་	ཚོགས་	NOUN
དྲུག་	དྲུག་	NUM
གི་	གི་	PART
ཡུལ་	ཡུལ་	NOUN
སྣང་	སྣང་	VERB
ཐམས་ཅད་	ཐམས་ཅད་	DET
ལ་	ལ་	ADP
ལྟ་བ་	ལྟ་བ་	VERB
འཁོར་འདས་	འཁོར་འདས་	NOUN
དབྱེ་	དབྱེ་	VERB
ར་	ལ་	PART
མེད་	མེད་	VERB
ཀྱི་	གི་	PART
རྒྱ་	རྒྱ་	VERB
ལེགས་པ་	ལེགས་པ་	VERB
ར་	ལ་	PART
ཐེབས་	ཐེབས་	VERB
ན་	ན་	ADP
སྡོམ་པ་	སྡོམ་པ་	NOUN
གསུམ་	གསུམ་	NUM
གྱི་	གི་	PART
སྤང་བྱ་	སྤང་བྱ་	NOUN
ཐམས་ཅད་	ཐམས་ཅད་	DET
དུས་	དུས་	NOUN
གཅིག་	གཅིག་	NUM
ལ་	ལ་	ADP
བསྡོམས་	བསྡོམས་	NO_POS
ཏེ་	སྟེ་	PART
སུམ་	སུམ་	NUM
ལྡན་	ལྡན་	VERB
རྡོ་རྗེ་	རྡོ་རྗེ་	NOUN
འཛིན་པ་	འཛིན་པ་	VERB
ཆེན་པོ་	ཆེན་པོ་	ADJ
ར་	ལ་	PART
འགྱུར་བ་	འགྱུར་བ་	VERB
འི་	གི་	PART
གནད་	གནད་	NOUN
དང་	དང་	NO_POS
།		PUNCT
		
ཉན་ཐོས་	ཉན་ཐོས་	NOUN
ཀྱི་	གི་	PART
ལམ་	གམ་	PART
གནད་	གནད་	NOUN
ཚང་བ་	ཚང་བ་	VERB
ས་	གིས་	PART
སྲིད་མཐའ་	སྲིད་མཐའ་	NO_POS
ལ་	ལ་	ADP
མི་	མི་	PART
གནས་	གནས་	NOUN
།		PUNCT
ཐེག་ཆེན་	ཐེག་ཆེན་	NOUN
ཕ་རོལ་	ཕ་རོལ་	NOUN
ཏུ་	ལ་	PART
ཕྱིན་པ་	ཕྱིན་པ་	VERB
འི་	གི་	PART
ལམ་	གམ་	PART
གནད་	གནད་	NOUN
ཚང་བ་	ཚང་བ་	VERB
ས་	གིས་	PART
ཞི་	ཞི་	VERB
མཐའ་	མཐའ་	NOUN
ལ་	ལ་	ADP
མི་	མི་	PART
ཕྱོགས་	ཕྱོགས་	NOUN
།		PUNCT
གསང་	གསང་	VERB
ཆེན་	ཆེན་	NO_POS
བླ་	བླ་	NOUN
ན་	ན་	ADP
མེད་པ་	མེད་པ་	VERB
འི་	གི་	PART
ལམ་	གམ་	PART
གནད་	གནད་	NOUN
ཚང་བ་	ཚང་བ་	VERB
ས་	གིས་	PART
སྤང་བྱ་	སྤང་བྱ་	NOUN
གཉེན་པོ་	གཉེན་པོ་	NOUN
ར་	ལ་	PART
ཤ་	ཤ་	VERB
ཏེ་	སྟེ་	PART
དུས་	དུས་	NOUN
མྱུར་	མྱུར་	VERB
དུ་	ལ་	PART
འཚང་རྒྱ་བ་	འཚང་རྒྱ་བ་	NOUN
འི་	གི་	PART
གནད་	གནད་	NOUN
དང་	དང་	NO_POS
།		PUNCT
		
སྣང་བ་	སྣང་བ་	VERB
ལ་	ལ་	ADP
སྐུར་་	སྐུར་པ་	NOUN
མ་	མ་	PART
བཏབ་པ་	བཏབ་པ་	VERB
ར་	ལ་	PART
རྟེན་འབྲེལ་	རྟེན་འབྲེལ་	NOUN
ལམ་	གམ་	PART
དུ་	ལ་	PART
བྱ་	བྱ་	VERB
ཏེ་	སྟེ་	PART
དག་སྣང་	དག་སྣང་	NOUN
གིས་	གིས་	PART
རྒྱ་	རྒྱ་	VERB
ཐེབས་པ་	ཐེབས་པ་	VERB
ས་	གིས་	PART
ས་	ས་	ADP
དང་	དང་	NO_POS
ལམ་	གམ་	PART
གྱི་	གི་	PART
ཡོན་ཏན་	ཡོན་ཏན་	NOUN
ཐམས་ཅད་	ཐམས་ཅད་	DET
ལྷུན་གྲུབ་	ལྷུན་གྲུབ་	OTHER
ཏུ་	ལ་	PART
འབྱུང་བ་	འབྱུང་བ་	VERB
འི་	གི་	PART
གནད་	གནད་	NOUN
དང་	དང་	NO_POS
།		PUNCT
		
གང་	གང་	NO_POS
ལ་	ལ་	ADP
འང་	ཀྱང་	PART
དངོས་འཛིན་	དངོས་འཛིན་	NOUN
གྱི་	གི་	PART
འཁྲི་བ་	འཁྲི་བ་	VERB
ཆོད་པ་	ཆོད་པ་	VERB
ས་	གིས་	PART
སྣང་བ་	སྣང་བ་	VERB
ས་	གིས་	PART
མི་	མི་	PART
འཆིང་བ་	འཆིང་བ་	VERB
འི་	གི་	PART
གནད་	གནད་	NOUN
དང་	དང་	NO_POS
།		PUNCT
		
བཟང་ངན་	བཟང་ངན་	ADJ
དང་	དང་	NO_POS
།		PUNCT
མང་ཉུང་	མང་ཉུང་	NOUN
།		PUNCT
མཐོ་དམན་	མཐོ་དམན་	NOUN
།		PUNCT
ཡངས་དོག་	ཡངས་དོག་	NO_POS
དུས་ཡུན་	དུས་ཡུན་	NO_POS
རིང་ཐུང་	རིང་ཐུང་	NOUN
།		PUNCT
སྐད་ཅིག་	སྐད་ཅིག་	OTHER
བསྐལ་པ་	བསྐལ་པ་	NOUN
།		PUNCT
ཞིམ་	ཞིམ་	VERB
མི་	མི་	PART
ཞིམ་	ཞིམ་	VERB
།		PUNCT
སྤང་	སྤང་	VERB
གཉེན་	གཉེན་	NOUN
།		PUNCT
གསལ་	གསལ་	VERB
མི་	མི་	PART
གསལ་	གསལ་	VERB
སོགས་	སོགས་	DET
གཉིས་	གཉིས་	NUM
ཆོ་	ཆོ་	NOUN
ཐམས་ཅད་	ཐམས་ཅད་	DET
གཉིས་	གཉིས་	NUM
མེད་	མེད་	VERB
ཀྱི་	གི་	PART
ཀློང་	ཀློང་	NOUN
དུ་	ལ་	PART
མཉམ་པ་ཉིད་	མཉམ་པ་ཉིད་	NOUN
དུ་	ལ་	PART
ཤེ་	ཤེ་	VERB
ན་	ན་	ADP
གང་	གང་	NO_POS
ལ་	ལ་	ADP
འང་	ཀྱང་	PART
མི་	མི་	PART
བདེ་བ་	བདེ་བ་	VERB
མེད་པ་	མེད་པ་	VERB
འི་	གི་	PART
གནད་	གནད་	NOUN
དང་	དང་	NO_POS
།		PUNCT
		
རང་	རང་	PRON
རེ་	རེ་	DET
རྣམས་	རྣམས་	DET
ཀྱི་	གི་	PART
ཉམས་ལེན་	ཉམས་ལེན་	NOUN
ལམ་	གམ་	PART
དུས་	དུས་	NOUN
ལྟ་བུ་	ལྟ་བུ་	NOUN
ར་	ལ་	PART
མཚོན་	མཚོན་	NOUN
ན་	ན་	ADP
ཕྱི་	ཕྱི་	NOUN
ནང་	ནང་	NOUN
གི་	གི་	PART
བསྐྱེད་རིམ་	བསྐྱེད་རིམ་	NOUN
ལམ་	གམ་	PART
དུས་	དུས་	NOUN
ཀྱི་	གི་	PART
དབང་	དབང་	NOUN
ཡན་ལག་	ཡན་ལག་	NOUN
དང་	དང་	NO_POS
བཅས་པ་	བཅས་པ་	VERB
འཁོར་བ་	འཁོར་བ་	NOUN
འི་	གི་	PART
གནས་ཚུལ་	གནས་ཚུལ་	VERB
དང་	དང་	NO_POS
མཐུན་པ་	མཐུན་པ་	VERB
ས་	གིས་	PART
འཁྲུལ་སྣང་	འཁྲུལ་སྣང་	OTHER
གི་	གི་	PART
བག་ཆགས་	བག་ཆགས་	NOUN
དབྱིངས་	དབྱིངས་	NOUN
སུ་	སུ་	ADP
སྦྱངས་	སྦྱངས་	VERB
ན་	ནས་	PART
འཁོར་བ་	འཁོར་བ་	NOUN
མ་	མ་	PART
སྤངས་	སྤངས་	VERB
ལམ་	གམ་	PART
དུ་	ལ་	PART
ཁྱེར་བ་	ཁྱེར་བ་	VERB
དང་	དང་	NO_POS
།		PUNCT
མྱང་འདས་	མྱང་འདས་	NOUN
ཀྱི་	གི་	PART
བཞུགས་	བཞུགས་	VERB
ཚུལ་	ཚུལ་	NOUN
དང་	དང་	NO_POS
མཐུན་པ་	མཐུན་པ་	VERB
ས་	གིས་	PART
སངས་རྒྱས་	སངས་རྒྱས་	NOUN
ཀྱི་	གི་	PART
སྐུ་	སྐུ་	NOUN
དང་	དང་	NO_POS
ཡེ་ཤེས་	ཡེ་ཤེས་	NOUN
ཕྲིན་ལས་	ཕྲིན་ལས་	NOUN
ཐམས་ཅད་	ཐམས་ཅད་	DET
གཞི་	གཞི་	NOUN
ལ་	ལ་	ADP
རྫོགས་	རྫོགས་	VERB
ཤིང་	ཅིང་	PART
རྒྱལ་པ་	རྒྱལ་པ་	VERB
འི་	གི་	PART
ཕྲིན་ལས་	ཕྲིན་ལས་	NOUN
ད་ལྟ་	ད་ལྟ་	OTHER
ན་	ནས་	PART
ལམ་	གམ་	PART
དུ་	ལ་	PART
བྱེད་	བྱེད་	VERB
ནུས་པ་	ནུས་པ་	VERB
དང་	དང་	NO_POS
།		PUNCT
ཕྱི་	ཕྱི་	NOUN
ནང་	ནང་	NOUN
གི་	གི་	PART
རྟེན་འབྲེལ་	རྟེན་འབྲེལ་	NOUN
གྱི་	གི་	PART
གནད་	གནད་	NOUN
ཀྱིས་	གིས་	PART
རྩ་ཐིག་	རྩ་ཐིག་	NOUN
རླུང་	རླུང་	NOUN
གསུམ་	གསུམ་	NUM
ལ་	ལ་	ADP
གནད་	གནད་	NOUN
དུ་	ལ་	PART
བསྣུན་	བསྣུན་	NO_POS
ན་	ནས་	PART
བསྐྱེད་རྫོགས་	བསྐྱེད་རྫོགས་	NOUN
ཟུང་འཇུག་	ཟུང་འཇུག་	NOUN
ཏུ་	ལ་	PART
གྱུར་	གྱུར་	VERB
ཏེ་	སྟེ་	PART
མཚོན་བྱེད་	མཚོན་བྱེད་	OTHER
དཔེ་	དཔེ་	NOUN
འི་	གི་	PART
ཡེ་ཤེས་	ཡེ་ཤེས་	NOUN
མྱུར་	མྱུར་	VERB
དུ་	ལ་	PART
སྐྱེ་	སྐྱེ་	NOUN
ཞིང་	ཞིང་	ADP
།		PUNCT
དེ་	དེ་	DET
ས་	གིས་	PART
མཚོན་བྱ་	མཚོན་བྱ་	OTHER
དོན་	དོན་	NOUN
གྱི་	གི་	PART
ཡེ་ཤེས་	ཡེ་ཤེས་	NOUN
མྱུར་	མྱུར་	VERB
དུ་	ལ་	PART
འདྲེན་	འདྲེན་	NO_POS
ནུས་པ་	ནུས་པ་	VERB
འི་	གི་	PART
གནད་	གནད་	NOUN
དང་	དང་	NO_POS
།		PUNCT
		
ཕྱི་	ཕྱི་	NOUN
ནང་	ནང་	NOUN
གི་	གི་	PART
རྟེན་འབྲེལ་	རྟེན་འབྲེལ་	NOUN
གྱི་	གི་	PART
གནད་	གནད་	NOUN
ཇི་ལྟ་བ་	ཇི་ལྟ་བ་	ADJ
བཞིན་	བཞིན་	NOUN
དུ་	ལ་	PART
མཁྱེན་པ་	མཁྱེན་པ་	VERB
ནི་	ནི་	NO_POS
རྫོགས་པ་	རྫོགས་པ་	VERB
འི་	གི་	PART
སངས་རྒྱས་	སངས་རྒྱས་	NOUN
ཁོ་ན་	ཁོ་ན་	DET
ཡིན་པ་	ཡིན་པ་	AUX
ས་	གིས་	PART
།		PUNCT
དམན་པ་	དམན་པ་	VERB
བདག་	བདག་	PRON
ལྟ་བུ་	ལྟ་བུ་	NOUN
ས་	གིས་	PART
ཤེས་པ་	ཤེས་པ་	VERB
ར་	ལ་	PART
མི་	མི་	PART
ནུས་	ནུས་	VERB
ཀྱང་	ཀྱང་	PART
།		PUNCT
བརྒྱུད་པ་	བརྒྱུད་པ་	VERB
བཟང་པོ་	བཟང་པོ་	ADJ
དང་	དང་	NO_POS
ལྡན་པ་	ལྡན་པ་	VERB
འི་	གི་	PART
བླ་མ་	བླ་མ་	NOUN
འི་	གི་	PART
བཀའ་དྲིན་	བཀའ་དྲིན་	NOUN
གྱིས་	གིས་	PART
གོ་	གོ་	VERB
ཡུལ་	ཡུལ་	NOUN
ཅུང་ཟད་	ཅུང་ཟད་	ADV
ནི་	ནི་	NO_POS
ཞུ་	ཞུ་	VERB
ཟིན་	ཟིན་	VERB
ལ་	ལ་	ADP
།		PUNCT
འགའ་ཞིག་	འགའ་ཞིག་	OTHER
ནི་	ནི་	NO_POS
སྨྲ་	སྨྲ་	VERB
མི་	མི་	PART
སྤོབས་	སྤོབས་	VERB
ཀྱང་	ཀྱང་	PART
ཕྱོགས་	ཕྱོགས་	NOUN
ཙམ་	ཙམ་	DET
མཐོང་བ་	མཐོང་བ་	VERB
འང་	ཀྱང་	PART
གྲུབ་མཐའ་	གྲུབ་མཐའ་	NOUN
ཐམས་ཅད་	ཐམས་ཅད་	DET
འགལ་	འགལ་	VERB
མེད་	མེད་	VERB
དུ་	ལ་	PART
རྟོགས་	རྟོགས་	VERB
།		PUNCT
གཞུང་ལུགས་	གཞུང་ལུགས་	NOUN
ཐམས་ཅད་	ཐམས་ཅད་	DET
གདམས་ངག་	གདམས་ངག་	NOUN
ཏུ་	ལ་	PART
ཤ་	ཤ་	VERB
།		PUNCT
རྒྱལ་བ་	རྒྱལ་བ་	NOUN
འི་	གི་	PART
དགོངས་པ་	དགོངས་པ་	VERB
བདེ་བླག་	བདེ་བླག་	ADJ
ཏུ་	ལ་	PART
རྙེད་	རྙེད་	VERB
།		PUNCT
ཉེས་སྤྱོད་	ཉེས་སྤྱོད་	NOUN
ཐམས་ཅད་	ཐམས་ཅད་	DET
རང་	རང་	PRON
འགག་	འགག་	VERB
ས་	གིས་	PART
སུ་	སུ་	ADP
འགྲོ་བ་	འགྲོ་བ་	VERB
འི་	གི་	PART
གནད་	གནད་	NOUN
དང་	དང་	NO_POS
།		PUNCT
		
ཐུན་མོང་	ཐུན་མོང་	ADJ
མ་ཡིན་པ་	མ་ཡིན་པ་	OTHER
འི་	གི་	PART
མན་ངག་	མན་ངག་	NOUN
བཞིན་	བཞིན་	NOUN
སྣང་བ་	སྣང་བ་	VERB
སེམས་	སེམས་	NOUN
སུ་	སུ་	ADP
བསྒྲུབས་	བསྒྲུབས་	VERB
ཏེ་	སྟེ་	PART
རིག་པ་	རིག་པ་	VERB
སྐད་ཅིག་མ་	སྐད་ཅིག་མ་	ADJ
སེམས་	སེམས་	NOUN
གསལ་བ་	གསལ་བ་	VERB
འི་	གི་	PART
སྟེང་	སྟེང་	NOUN
ན་	ན་	ADP
འཁོར་འདས་	འཁོར་འདས་	NOUN
ཚང་བ་	ཚང་བ་	VERB
འི་	གི་	PART
ངེས་པ་	ངེས་པ་	VERB
རྙེད་	རྙེད་	VERB
ན་རེ་	ན་རེ་	ADP
དོགས་	དོགས་	NO_POS
ཀྱི་	གི་	PART
སྤྲོས་པ་	སྤྲོས་པ་	VERB
ཆོད་པ་	ཆོད་པ་	VERB
ར་	ལ་	PART
འགྱུར་བ་	འགྱུར་བ་	VERB
ས་	གིས་	PART
།		PUNCT
དང་པོ་	དང་པོ་	ADJ
ར་	ལ་	PART
སྣང་	སྣང་	VERB
སེམས་	སེམས་	NOUN
བསྲེས་	བསྲེས་	NO_POS
།		PUNCT
སེམས་	སེམས་	NOUN
གསལ་བ་	གསལ་བ་	VERB
འི་	གི་	PART
ཆ་	ཆ་	NOUN
དེ་	དེ་	DET
འང་	ཀྱང་	PART
།		PUNCT
དབྱིངས་	དབྱིངས་	NOUN
སྤྲོས་པ་	སྤྲོས་པ་	VERB
དང་	དང་	NO_POS
བྲལ་བ་	བྲལ་བ་	VERB
ལ་	ལ་	ADP
ས་	གིས་	PART
ནམ་ཡང་	ནམ་ཡང་	OTHER
གཡོ་བ་	གཡོ་བ་	VERB
མེད་པ་	མེད་པ་	VERB
ར་	ལ་	PART
ཤེ་	ཤེ་	VERB
ན་	ནས་	PART
དབྱིངས་	དབྱིངས་	NOUN
རིག་	རིག་	VERB
བསྲེས་	བསྲེས་	NO_POS
ཏེ་	སྟེ་	PART
བཅས་བཅོས་	བཅས་བཅོས་	NOUN
དགག་སྒྲུབ་	དགག་སྒྲུབ་	OTHER
མེད་པ་	མེད་པ་	VERB
ར་	ལ་	PART
མཉམ་པ་	མཉམ་པ་	VERB
ར་	ལ་	PART
གཞག་	གཞག་	VERB
ན་	ན་	ADP
གསལ་སྟོང་	གསལ་སྟོང་	NO_POS
ཟུང་འཇུག་	ཟུང་འཇུག་	NOUN
ཏུ་	ལ་	PART
འགྱུར་བ་	འགྱུར་བ་	VERB
འི་	གི་	PART
གནད་	གནད་	NOUN
དང་	དང་	NO_POS
།		PUNCT
		
དེ་བཞིན་ཉིད་	དེ་བཞིན་ཉིད་	NOUN
ཀྱི་	གི་	PART
དག་པ་	དག་པ་	VERB
ས་	གིས་	PART
དབྱིངས་	དབྱིངས་	NOUN
སྤྲོས་པ་	སྤྲོས་པ་	VERB
དང་	དང་	NO_POS
བྲལ་བ་	བྲལ་བ་	VERB
ལ་	ལ་	ADP
ཡིད་ཆེས་	ཡིད་ཆེས་	NOUN
བསྐྱེད་	བསྐྱེད་	VERB
ན་	ནས་	PART
།		PUNCT
ལྷ་	ལྷ་	NOUN
སོ་སོ་	སོ་སོ་	PRON
འི་	གི་	PART
དག་པ་	དག་པ་	VERB
ས་	གིས་	PART
ཀུན་རྫོབ་	ཀུན་རྫོབ་	NOUN
ཐ་མལ་	ཐ་མལ་	ADJ
སྣང་ཞེན་	སྣང་ཞེན་	NOUN
ལ་	ལ་	ADP
ས་	གིས་	PART
ལྡོག་	ལྡོག་	VERB
ཏེ་	སྟེ་	PART
།		PUNCT
དེ་	དེ་	DET
གཉིས་	གཉིས་	NUM
ཟུང་	ཟུང་	VERB
དུ་	ལ་	PART
འཇུག་པ་	འཇུག་པ་	VERB
འི་	གི་	PART
ཕྱི་	ཕྱི་	OTHER
རང་རིག་པ་	རང་རིག་པ་	NO_POS
འི་	གི་	PART
དག་པ་	དག་པ་	VERB
ས་	གིས་	PART
རིག་པ་	རིག་པ་	VERB
ཡེ་ཤེས་	ཡེ་ཤེས་	NOUN
ཀྱི་	གི་	PART
ངོ་	ངོ་	PART
ན་	ན་	ADP
ལྷ་	ལྷ་	NOUN
དང་	དང་	NO_POS
ཡེ་ཤེས་	ཡེ་ཤེས་	NOUN
ཐ་དད་	ཐ་དད་	ADJ
དུ་	ལ་	PART
མེད་པ་	མེད་པ་	VERB
ར་	ལ་	PART
ངོ་འཕྲོད་པ་	ངོ་འཕྲོད་པ་	NO_POS
ལ་	ལ་	ADP
དག་པ་	དག་པ་	VERB
གསུམ་	གསུམ་	NUM
ཞེ་	ཅེས་	PART
བརྗོད་པ་	བརྗོད་པ་	VERB
ཡིན་	ཡིན་	NO_POS
ལ་	ལ་	ADP
།		PUNCT
གནད་	གནད་	NOUN
འདི་	འདི་	DET
མ་	མ་	PART
ཤེ་	ཤེ་	VERB
ན་	ན་	ADP
ཀུན་རྫོབ་	ཀུན་རྫོབ་	NOUN
འཁྲུལ་སྣང་	འཁྲུལ་སྣང་	OTHER
ལྷ་	ལྷ་	NOUN
ར་	ལ་	PART
བསྒོམས་	བསྒོམས་	VERB
ཀྱང་	ཀྱང་	PART
ལྷ་	ལྷ་	NOUN
ར་	ལ་	PART
མི་	མི་	PART
འགྱུར་	འགྱུར་	VERB
ཞེ་	ཅེས་	PART
དང་	དང་	NO_POS
།		PUNCT
ལྷ་	ལྷ་	NOUN
ཡིན་	ཡིན་	NO_POS
ན་	ན་	ADP
དོན་དམ་	དོན་དམ་	NOUN
ཆོས་ཉིད་	ཆོས་ཉིད་	NOUN
ཡིན་	ཡིན་	NO_POS
དགོས་	དགོས་	VERB
ཞེ་	ཅེས་	PART
སོགས་	སོགས་	DET
གྲུབ་མཐའ་	གྲུབ་མཐའ་	NOUN
མི་མཐུན་པ་	མི་མཐུན་པ་	NO_POS
དུ་མ་	དུ་མ་	ADJ
བྱུང་བ་	བྱུང་བ་	VERB
ས་	གིས་	PART
དག་པ་	དག་པ་	VERB
གསུམ་	གསུམ་	NUM
གྱི་	གི་	PART
གནད་	གནད་	NOUN
ལ་	ལ་	ADP
མཁས་པ་	མཁས་པ་	VERB
ར་	ལ་	PART
བྱ་	བྱ་	VERB
ན་	ན་	ADP
སྦྱང་གཞི་	སྦྱང་གཞི་	OTHER
སྦྱོང་བྱེད་	སྦྱོང་བྱེད་	OTHER
ཀྱི་	གི་	PART
སྦྱོར་	སྦྱོར་	VERB
ཚུལ་	ཚུལ་	NOUN
དང་	དང་	NO_POS
།		PUNCT
སྣང་བ་	སྣང་བ་	VERB
དཀྱིལ་འཁོར་	དཀྱིལ་འཁོར་	NOUN
གྱི་	གི་	PART
འཁོར་ལོ་	འཁོར་ལོ་	NOUN
ར་	ལ་	PART
འཆར་བ་	འཆར་བ་	VERB
འི་	གི་	PART
ངེས་ཤེས་	ངེས་ཤེས་	NOUN
བཅོས་མིན་	བཅོས་མིན་	NO_POS
འབྱུང་བ་	འབྱུང་བ་	VERB
འི་	གི་	PART
གནད་	གནད་	NOUN
དང་	དང་	NO_POS
།		PUNCT
		
གནད་	གནད་	NOUN
ཐམས་ཅད་	ཐམས་ཅད་	DET
ཀྱི་	གི་	PART
གཙོ་བོ་	གཙོ་བོ་	ADJ
བདག་ཅག་	བདག་ཅག་	PRON
གི་	གི་	PART
བླ་མ་	བླ་མ་	NOUN
ཆོ་	ཆོ་	NOUN
ཀྱི་	གི་	PART
རྗེ་	རྗེ་	NO_POS
ལྟ་བུ་	ལྟ་བུ་	NOUN
བླ་མ་	བླ་མ་	NOUN
མཚན་ལྡན་	མཚན་ལྡན་	ADJ
ལས་དབང་	ལས་དབང་	NOUN
བསྐུར་	བསྐུར་	NO_POS
དང་	དང་	NO_POS
གདམས་ངག་	གདམས་ངག་	NOUN
ཐོབ་	ཐོབ་	VERB
ན་	ནས་	PART
ལམ་	གམ་	PART
དུས་	དུས་	NOUN
དང་	དང་	NO_POS
བླ་མ་	བླ་མ་	NOUN
འི་	གི་	PART
རྣལ་འབྱོར་	རྣལ་འབྱོར་	NOUN
སོགས་	སོགས་	DET
ཐུན་	ཐུན་	NOUN
བཞི་	བཞི་	NUM
འི་	གི་	PART
རྣལ་འབྱོར་	རྣལ་འབྱོར་	NOUN
ལ་ཁ་	ལ་ཁ་	NOUN
ཞེ་	ཞེ་	PART
མངོན་ལྐོག་	མངོན་ལྐོག་	NO_POS
མེད་པ་	མེད་པ་	VERB
འི་	གི་	PART
མོས་གུས་	མོས་གུས་	NOUN
ཀྱིས་	གིས་	PART
འབད་	འབད་	VERB
ནུས་	ནུས་	VERB
ན་	ན་	ADP
དྲོད་གཤེར་	དྲོད་གཤེར་	NOUN
འཛོམས་པ་	འཛོམས་པ་	VERB
འི་	གི་	PART
ས་ཕྱོགས་	ས་ཕྱོགས་	NOUN
སུ་	སུ་	ADP
རྩི་ཤིང་	རྩི་ཤིང་	NOUN
སྐྱེ་བ་	སྐྱེ་བ་	VERB
ལྟ་	ལྟ་	OTHER
རྟེན་འབྲེལ་	རྟེན་འབྲེལ་	NOUN
ཐམས་ཅད་	ཐམས་ཅད་	DET
ནང་	ནང་	NOUN
ན་	ནས་	PART
སྐྱེ་	སྐྱེ་	NOUN
དགོས་པ་	དགོས་པ་	VERB
འི་	གི་	PART
ཉམས་མྱོང་	ཉམས་མྱོང་	NOUN
ཚད་མ་	ཚད་མ་	NOUN
རང་	རང་	PRON
ལ་	ལ་	ADP
འབྱུང་བ་	འབྱུང་བ་	VERB
ར་	ལ་	PART
འགྱུར་བ་	འགྱུར་བ་	VERB
ནི་	ནི་	NO_POS
རྟེན་འབྲེལ་	རྟེན་འབྲེལ་	NOUN
གྱི་	གི་	PART
ཆོས་ཉིད་	ཆོས་ཉིད་	NOUN
ཀྱི་	གི་	PART
གནད་	གནད་	NOUN
ཡིན་	ཡིན་	NO_POS
ནོ་	གོ་	PART
།		PUNCT
		
གོང་	གོང་	NOUN
དུ་	ལ་	PART
ཉོན་མོངས་པ་	ཉོན་མོངས་པ་	NOUN
རྣམས་	རྣམས་	DET
གདོད་	གདོད་	NO_POS
ན་	ནས་	PART
རང་གྲོལ་	རང་གྲོལ་	NOUN
དུ་	ལ་	PART
ཤེ་	ཤེ་	VERB
ཞེ་	ཅེས་	PART
དང་	དང་	NO_POS
།		PUNCT
གཞི་	གཞི་	NOUN
དུས་	དུས་	NOUN
ན་	ན་	ADP
སྐུ་བཞི་	སྐུ་བཞི་	OTHER
རང་	རང་	PRON
ལ་	ལ་	ADP
ལྷུན་	ལྷུན་	NOUN
གྱིས་	གིས་	PART
གྲུབ་	གྲུབ་	VERB
ཚུལ་	ཚུལ་	NOUN
དང་	དང་	NO_POS
།		PUNCT
ཐམས་ཅད་	ཐམས་ཅད་	DET
མཉམ་པ་ཉིད་	མཉམ་པ་ཉིད་	NOUN
སོགས་	སོགས་	DET
སྨྲས་པ་	སྨྲས་པ་	VERB
རྣམས་	རྣམས་	DET
རྙིང་མ་	རྙིང་མ་	OTHER
སོགས་	སོགས་	DET
གྲུབ་མཐའ་	གྲུབ་མཐའ་	NOUN
གཞན་	གཞན་	DET
གྱི་	གི་	PART
ཆོས་སྐད་	ཆོས་སྐད་	NOUN
མ་	མ་	PART
ཡིན་	ཡིན་	NO_POS
ནམ་	ནམ་	PRON
ཞེ་ན་	ཅེ་ན་	PART
།		PUNCT
རང་	རང་	PRON
རེ་	རེ་	DET
འི་	གི་	PART
དཀྱིལ་ཆོག་	དཀྱིལ་ཆོག་	OTHER
གི་	གི་	PART
དམ་ཚིག་	དམ་ཚིག་	NOUN
གསུམ་	གསུམ་	NUM
གྱི་	གི་	PART
གླུ་	གླུ་	NOUN
ལེན་པ་	ལེན་པ་	VERB
འི་	གི་	PART
སྐབས་	སྐབས་	NOUN
།		PUNCT
གདོད་	གདོད་	NO_POS
ན་	ནས་	PART
གྲོལ་བ་	གྲོལ་བ་	VERB
དེ་བཞིན་	དེ་བཞིན་	OTHER
གཤེགས་	གཤེགས་	VERB
། །		PUNCT
ཞེ་	ཅེས་	PART
དང་	དང་	NO_POS
།		PUNCT
དགོངས་པ་	དགོངས་པ་	VERB
ལུང་	ལུང་	NOUN
སྟོན་ལས་	སྟོན་ལས་	NO_POS
།		PUNCT
རྒྱུ་འབྲས་	རྒྱུ་འབྲས་	NOUN
ལྷུན་གྲུབ་	ལྷུན་གྲུབ་	OTHER
ཏུ་	ལ་	PART
སྤྱོད་	སྤྱོད་	VERB
ཅིང་	ཅིང་	PART
། །		PUNCT
ཞེ་	ཅེས་	PART
སོགས་	སོགས་	DET
དང་	དང་	NO_POS
།		PUNCT
བརྟག་	བརྟག་	VERB
གཉིས་	གཉིས་	NUM
ལ་	ལ་	ADP
ས་	གིས་	PART
།		PUNCT
རོ་	རོ་	NOUN
མཉམ་	མཉམ་	VERB
སློབ་མ་	སློབ་མ་	NOUN
འི་	གི་	PART
སྤྱོད་ཡུལ་	སྤྱོད་ཡུལ་	NOUN
ཉིད་	ཉིད་	DET
། །		PUNCT
ཅེས་	ཅེས་	PART
སོགས་	སོགས་	DET
མང་	མང་	VERB
དུ་	ལ་	PART
འབྱུང་བ་	འབྱུང་བ་	VERB
ས་	གིས་	PART
།		PUNCT
རྒྱུས་མེད་	རྒྱུས་མེད་	NOUN
ཕུག་	ཕུག་	NOUN
ལ་མ་	ལ་མ་	NO_POS
མངགས་	མངགས་	NO_POS
ཟེར་བ་	ཟེར་བ་	VERB
འི་	གི་	PART
དཔེ་	དཔེ་	NOUN
ལྟ་	ལྟ་	OTHER
ཆོ་	ཆོ་	NOUN
འདི་	འདི་	DET
ལ་དུ་	ལ་དུ་	NOUN
ས་	གིས་	PART
ཕྱི་	ཕྱི་	VERB
ཐོས་བསམ་	ཐོས་བསམ་	NOUN
སྒོམ་	སྒོམ་	VERB
སྒྲུབ་བྱེད་	སྒྲུབ་བྱེད་	NOUN
མཁན་	མཁན་	PROPN
ཉུང་བ་	ཉུང་བ་	VERB
ས་	གིས་	PART
རང་	རང་	PRON
ལ་	ལ་	ADP
ཅི་	ཅི་	NO_POS
ཡོད་	ཡོད་	VERB
རང་	རང་	PRON
གི་	གི་	PART
བུ་ཚ་	བུ་ཚ་	NOUN
རྣམས་	རྣམས་	DET
ཀྱིས་	གིས་	PART
མཁྱེན་	མཁྱེན་	VERB
དཀའ་བ་	དཀའ་བ་	VERB
ས་	གིས་	PART
རྟོག་དཔྱོད་	རྟོག་དཔྱོད་	NO_POS
མི་	མི་	PART
མང་བ་	མང་བ་	VERB
ར་	ལ་	PART
ཡིད་ཆེས་	ཡིད་ཆེས་	NOUN
མཛད་	མཛད་	VERB
ན་	ན་	ADP
ཁོ་བོ་	ཁོ་བོ་	PRON
ལ་	ལ་	ADP
ཉམས་མྱོང་	ཉམས་མྱོང་	NOUN
མེད་	མེད་	VERB
ཀྱང་	ཀྱང་	PART
ཆོ་	ཆོ་	NOUN
འདི་	འདི་	DET
ལ་	ལ་	ADP
ནོར་འཁྲུལ་	ནོར་འཁྲུལ་	NOUN
མེད་པ་	མེད་པ་	VERB
འི་	གི་	PART
ཡིད་ཆེས་	ཡིད་ཆེས་	NOUN
ཤིག་	ཅིག་	PART
ཡོད་པ་	ཡོད་པ་	VERB
ལགས་སོ་	ལགས་སོ་	NO_POS
"།

།"		PUNCT
ཟབ་མོ་	ཟབ་མོ་	ADJ
འི་	གི་	PART
གནད་དོན་	གནད་དོན་	OTHER
འདུས་པ་	འདུས་པ་	VERB
འི་	གི་	PART
གསང་གཏམ་	གསང་གཏམ་	OTHER
འདི་	འདི་	DET
། །		PUNCT
རྡོ་རྗེ་	རྡོ་རྗེ་	NOUN
འི་	གི་	PART
གྲོག་	གྲོག་	NOUN
ཀྱི་	གི་	PART
ཞལ་ངོ་	ཞལ་ངོ་	NOUN
མ་	མ་	PART
ཆོག་པ་	ཆོག་པ་	VERB
ར་	ལ་	PART
། །		PUNCT
སྦས་དོན་	སྦས་དོན་	OTHER
ཡི་གེ་	ཡི་གེ་	NOUN
ར་	ལ་	PART
བྲིས་པ་	བྲིས་པ་	VERB
འི་	གི་	PART
ནོངས་པ་	ནོངས་པ་	VERB
ཀུན་	ཀུན་	DET
། །		PUNCT
རྗེ་བཙུན་	རྗེ་བཙུན་	NOUN
མཁའ་འགྲོ་	མཁའ་འགྲོ་	NOUN
འི་	གི་	PART
ཚོགས་	ཚོགས་	NOUN
ལ་	ལ་	ADP
བཟོད་པ་	བཟོད་པ་	VERB
ར་	ལ་	PART
གསོལ་	གསོལ་	VERB
། །		PUNCT
དགེ་བ་	དགེ་བ་	VERB
ས་	གིས་	PART
སྙིང་	སྙིང་	NOUN
གི་	གི་	PART
གྲོགས་པོ་	གྲོགས་པོ་	NOUN
ཁྱེད་	ཁྱེད་	PRON
རྣམས་	རྣམས་	DET
ཀྱིས་	གིས་	PART
། །		PUNCT
དགོས་	དགོས་	VERB
མེད་	མེད་	VERB
ཚེ་	ཚེ་	NOUN
འདི་	འདི་	DET
འི་	གི་	PART
བྱ་བ་	བྱ་བ་	VERB
ས་	གིས་	PART
མི་	མི་	PART
གཡེང་བ་	གཡེང་བ་	VERB
ར་	ལ་	PART
། །		PUNCT
གཅིག་	གཅིག་	NUM
ཏུ་	ལ་	PART
སྒྲུབ་	སྒྲུབ་	VERB
ལ་	ལ་	ADP
གཞོལ་བ་	གཞོལ་བ་	VERB
འི་	གི་	PART
ངང་ཚུལ་	ངང་ཚུལ་	OTHER
དེ་	དེ་	DET
ས་	གིས་	PART
། །		PUNCT
མྱུར་	མྱུར་	VERB
དུ་	ལ་	PART
སྙིང་པོ་	སྙིང་པོ་	NOUN
འི་	གི་	PART
བཙན་ས་	བཙན་ས་	VERB
ཟིན་པ་	ཟིན་པ་	VERB
ར་	ལ་	PART
ཤོག་	ཤོག་	VERB
།		PUNCT
ཀུན་མཁྱེན་	ཀུན་མཁྱེན་	OTHER
གཉིས་པ་	གཉིས་པ་	NUM
ས་སྐྱ་པ་	ས་སྐྱ་པ་	PROPN
། །		PUNCT
ཀུན་	ཀུན་	DET
སྙིང་	སྙིང་	NOUN
ཡབ་	ཡབ་	NOUN
སྲ་	སྲ་	NOUN
རིང་ལུགས་	རིང་ལུགས་	OTHER
མཆོག་	མཆོག་	ADJ
།		PUNCT
ཀུན་	ཀུན་	DET
ལ་	ལ་	ADP
མེད་པ་	མེད་པ་	VERB
འི་	གི་	PART
ཁྱད་ཆོས་	ཁྱད་ཆོས་	NOUN
འདི་	འདི་	DET
། །		PUNCT
ཀུན་དགའ་	ཀུན་དགའ་	PROPN
རྒྱལ་མཚན་	རྒྱལ་མཚན་	NOUN
ཞེ་	ཅེས་	PART
བྱ་	བྱ་	VERB
བྲིས་	བྲིས་	VERB
། །		PUNCT
དགེ་	དགེ་	NOUN
འོ་	གོ་	PART
།། །།		PUNCT
		
སྡེ་	སྡེ་	NOUN
སྟོན་	སྟོན་	VERB
ཨ་	ཨ་	X
འཇམ་	འཇམ་	VERB
།		PUNCT
ལྟ་བ་	ལྟ་བ་	VERB
འཁོར་འདས་	འཁོར་འདས་	NOUN
དབྱེ་	དབྱེ་	VERB
ར་	ལ་	PART
མེད་	མེད་	VERB
སྒོམ་	སྒོམ་	VERB
ཚུལ་	ཚུལ་	NOUN
།		PUNCT
		
